--------------------------------------------------------
-- Archivo creado  - miércoles-octubre-23-2024   
--------------------------------------------------------
--------------------------------------------------------
--  DDL for Table APPLICATION
--------------------------------------------------------

  CREATE TABLE "UBD1318"."APPLICATION" 
   (	"APP_NAME" VARCHAR2(100 BYTE), 
	"VENDOR" VARCHAR2(100 BYTE), 
	"PRICE" NUMBER(5,2), 
	"WEB_SITE" VARCHAR2(100 BYTE)
   ) SEGMENT CREATION IMMEDIATE 
  PCTFREE 10 PCTUSED 40 INITRANS 1 MAXTRANS 255 
 NOCOMPRESS LOGGING
  STORAGE(INITIAL 65536 NEXT 1048576 MINEXTENTS 1 MAXEXTENTS 2147483645
  PCTINCREASE 0 FREELISTS 1 FREELIST GROUPS 1
  BUFFER_POOL DEFAULT FLASH_CACHE DEFAULT CELL_FLASH_CACHE DEFAULT)
  TABLESPACE "TS_ALUMNOS" ;
--------------------------------------------------------
--  DDL for Table COMPATIBLE
--------------------------------------------------------

  CREATE TABLE "UBD1318"."COMPATIBLE" 
   (	"DOCUMENT_NAME" VARCHAR2(100 BYTE), 
	"PATH_NAME" VARCHAR2(100 BYTE), 
	"APP_NAME" VARCHAR2(100 BYTE)
   ) SEGMENT CREATION IMMEDIATE 
  PCTFREE 10 PCTUSED 40 INITRANS 1 MAXTRANS 255 
 NOCOMPRESS LOGGING
  STORAGE(INITIAL 65536 NEXT 1048576 MINEXTENTS 1 MAXEXTENTS 2147483645
  PCTINCREASE 0 FREELISTS 1 FREELIST GROUPS 1
  BUFFER_POOL DEFAULT FLASH_CACHE DEFAULT CELL_FLASH_CACHE DEFAULT)
  TABLESPACE "TS_ALUMNOS" ;
--------------------------------------------------------
--  DDL for Table DOCUMENT
--------------------------------------------------------

  CREATE TABLE "UBD1318"."DOCUMENT" 
   (	"FILE_NAME" VARCHAR2(100 BYTE), 
	"PATH_NAME" VARCHAR2(100 BYTE), 
	"CREATED" DATE, 
	"COMMENT2" VARCHAR2(100 BYTE), 
	"SIZE2" NUMBER(3,0), 
	"APP_NAME" VARCHAR2(100 BYTE)
   ) SEGMENT CREATION IMMEDIATE 
  PCTFREE 10 PCTUSED 40 INITRANS 1 MAXTRANS 255 
 NOCOMPRESS LOGGING
  STORAGE(INITIAL 65536 NEXT 1048576 MINEXTENTS 1 MAXEXTENTS 2147483645
  PCTINCREASE 0 FREELISTS 1 FREELIST GROUPS 1
  BUFFER_POOL DEFAULT FLASH_CACHE DEFAULT CELL_FLASH_CACHE DEFAULT)
  TABLESPACE "TS_ALUMNOS" ;
--------------------------------------------------------
--  DDL for Table PAGE
--------------------------------------------------------

  CREATE TABLE "UBD1318"."PAGE" 
   (	"FILE_NAME" VARCHAR2(100 BYTE), 
	"PATH_NAME" VARCHAR2(100 BYTE), 
	"PAGE_NUMBER" NUMBER(5,0), 
	"FOOTER" VARCHAR2(20 BYTE), 
	"HEADER" VARCHAR2(20 BYTE), 
	"LINE_SPACES" VARCHAR2(20 BYTE)
   ) SEGMENT CREATION IMMEDIATE 
  PCTFREE 10 PCTUSED 40 INITRANS 1 MAXTRANS 255 
 NOCOMPRESS LOGGING
  STORAGE(INITIAL 65536 NEXT 1048576 MINEXTENTS 1 MAXEXTENTS 2147483645
  PCTINCREASE 0 FREELISTS 1 FREELIST GROUPS 1
  BUFFER_POOL DEFAULT FLASH_CACHE DEFAULT CELL_FLASH_CACHE DEFAULT)
  TABLESPACE "TS_ALUMNOS" ;
--------------------------------------------------------
--  DDL for Table TEXT_DOCUMENT
--------------------------------------------------------

  CREATE TABLE "UBD1318"."TEXT_DOCUMENT" 
   (	"IS_UTF8" VARCHAR2(1 BYTE), 
	"NUN_LINES" NUMBER(3,0), 
	"NUM_CHARACTERS" NUMBER(3,0), 
	"EXTENSION" VARCHAR2(5 BYTE), 
	"FILE_NAME" VARCHAR2(100 BYTE), 
	"PATH_NAME" VARCHAR2(100 BYTE)
   ) SEGMENT CREATION IMMEDIATE 
  PCTFREE 10 PCTUSED 40 INITRANS 1 MAXTRANS 255 
 NOCOMPRESS LOGGING
  STORAGE(INITIAL 65536 NEXT 1048576 MINEXTENTS 1 MAXEXTENTS 2147483645
  PCTINCREASE 0 FREELISTS 1 FREELIST GROUPS 1
  BUFFER_POOL DEFAULT FLASH_CACHE DEFAULT CELL_FLASH_CACHE DEFAULT)
  TABLESPACE "TS_ALUMNOS" ;
REM INSERTING into UBD1318.APPLICATION
SET DEFINE OFF;
Insert into UBD1318.APPLICATION (APP_NAME,VENDOR,PRICE,WEB_SITE) values ('PoorEdit','Sofw','30','http://www.soft.com/PE');
Insert into UBD1318.APPLICATION (APP_NAME,VENDOR,PRICE,WEB_SITE) values ('SaveEdit','Borllan','40','http://www.Borllan.com');
Insert into UBD1318.APPLICATION (APP_NAME,VENDOR,PRICE,WEB_SITE) values ('SimpleText','Micrisoft','100','http://www.micrisoft.com');
Insert into UBD1318.APPLICATION (APP_NAME,VENDOR,PRICE,WEB_SITE) values ('TxtE','Sofw','60','http://www.soft.com/TxTE');
Insert into UBD1318.APPLICATION (APP_NAME,VENDOR,PRICE,WEB_SITE) values ('Paint','Microsoft','10','http://www.paint.com/');
REM INSERTING into UBD1318.COMPATIBLE
SET DEFINE OFF;
Insert into UBD1318.COMPATIBLE (DOCUMENT_NAME,PATH_NAME,APP_NAME) values ('HELLOWORLD.txt','/user/lessons','PoorEdit');
Insert into UBD1318.COMPATIBLE (DOCUMENT_NAME,PATH_NAME,APP_NAME) values ('HELLOWORLD.txt','/user/lessons','SaveEdit');
Insert into UBD1318.COMPATIBLE (DOCUMENT_NAME,PATH_NAME,APP_NAME) values ('Jun Invoices','/user/enciso','PoorEdit');
Insert into UBD1318.COMPATIBLE (DOCUMENT_NAME,PATH_NAME,APP_NAME) values ('Jun Invoices','/user/enciso','SaveEdit');
Insert into UBD1318.COMPATIBLE (DOCUMENT_NAME,PATH_NAME,APP_NAME) values ('Jun Invoices','/user/enciso','TxtE');
Insert into UBD1318.COMPATIBLE (DOCUMENT_NAME,PATH_NAME,APP_NAME) values ('Thesis.doc','/user/enciso','SimpleText');
Insert into UBD1318.COMPATIBLE (DOCUMENT_NAME,PATH_NAME,APP_NAME) values ('Thesis2.doc','/user/enciso','SimpleText');
Insert into UBD1318.COMPATIBLE (DOCUMENT_NAME,PATH_NAME,APP_NAME) values ('logo.gif','/user/lessons','Paint');
REM INSERTING into UBD1318.DOCUMENT
SET DEFINE OFF;
Insert into UBD1318.DOCUMENT (FILE_NAME,PATH_NAME,CREATED,COMMENT2,SIZE2,APP_NAME) values ('HELLOWORLD.txt','/user/lessons',to_date('03/06/02','DD/MM/RR'),'Dummy file','30','PoorEdit');
Insert into UBD1318.DOCUMENT (FILE_NAME,PATH_NAME,CREATED,COMMENT2,SIZE2,APP_NAME) values ('logo.gif','/user/lessons',to_date('13/06/02','DD/MM/RR'),'IT IS A PICTURE','40','Paint');
Insert into UBD1318.DOCUMENT (FILE_NAME,PATH_NAME,CREATED,COMMENT2,SIZE2,APP_NAME) values ('Thesis.doc','/user/enciso',to_date('15/06/02','DD/MM/RR'),'Thesis draft','43','SimpleText');
Insert into UBD1318.DOCUMENT (FILE_NAME,PATH_NAME,CREATED,COMMENT2,SIZE2,APP_NAME) values ('Thesis2.doc','/user/enciso',to_date('15/05/02','DD/MM/RR'),'Thesis Backup','50','SimpleText');
Insert into UBD1318.DOCUMENT (FILE_NAME,PATH_NAME,CREATED,COMMENT2,SIZE2,APP_NAME) values ('Jun Invoices','/user/enciso',to_date('03/05/02','DD/MM/RR'),'Invoices','50','TxtE');
REM INSERTING into UBD1318.PAGE
SET DEFINE OFF;
Insert into UBD1318.PAGE (FILE_NAME,PATH_NAME,PAGE_NUMBER,FOOTER,HEADER,LINE_SPACES) values ('HELLOWORLD.txt','/user/lessons','1',null,null,null);
Insert into UBD1318.PAGE (FILE_NAME,PATH_NAME,PAGE_NUMBER,FOOTER,HEADER,LINE_SPACES) values ('HELLOWORLD.txt','/user/lessons','2',null,null,null);
Insert into UBD1318.PAGE (FILE_NAME,PATH_NAME,PAGE_NUMBER,FOOTER,HEADER,LINE_SPACES) values ('Thesis.doc','/user/enciso','1',null,null,null);
REM INSERTING into UBD1318.TEXT_DOCUMENT
SET DEFINE OFF;
Insert into UBD1318.TEXT_DOCUMENT (IS_UTF8,NUN_LINES,NUM_CHARACTERS,EXTENSION,FILE_NAME,PATH_NAME) values (null,null,null,null,'HELLOWORLD.txt','/user/lessons');
Insert into UBD1318.TEXT_DOCUMENT (IS_UTF8,NUN_LINES,NUM_CHARACTERS,EXTENSION,FILE_NAME,PATH_NAME) values (null,null,null,null,'Thesis.doc','/user/enciso');
Insert into UBD1318.TEXT_DOCUMENT (IS_UTF8,NUN_LINES,NUM_CHARACTERS,EXTENSION,FILE_NAME,PATH_NAME) values (null,null,null,null,'Thesis2.doc','/user/enciso');
--------------------------------------------------------
--  DDL for Index APPLICATION_UK1
--------------------------------------------------------

  CREATE UNIQUE INDEX "UBD1318"."APPLICATION_UK1" ON "UBD1318"."APPLICATION" ("WEB_SITE") 
  PCTFREE 10 INITRANS 2 MAXTRANS 255 COMPUTE STATISTICS 
  STORAGE(INITIAL 65536 NEXT 1048576 MINEXTENTS 1 MAXEXTENTS 2147483645
  PCTINCREASE 0 FREELISTS 1 FREELIST GROUPS 1
  BUFFER_POOL DEFAULT FLASH_CACHE DEFAULT CELL_FLASH_CACHE DEFAULT)
  TABLESPACE "TS_ALUMNOS" ;
--------------------------------------------------------
--  DDL for Index COMPATIBLE_PK
--------------------------------------------------------

  CREATE UNIQUE INDEX "UBD1318"."COMPATIBLE_PK" ON "UBD1318"."COMPATIBLE" ("DOCUMENT_NAME", "PATH_NAME", "APP_NAME") 
  PCTFREE 10 INITRANS 2 MAXTRANS 255 COMPUTE STATISTICS 
  STORAGE(INITIAL 65536 NEXT 1048576 MINEXTENTS 1 MAXEXTENTS 2147483645
  PCTINCREASE 0 FREELISTS 1 FREELIST GROUPS 1
  BUFFER_POOL DEFAULT FLASH_CACHE DEFAULT CELL_FLASH_CACHE DEFAULT)
  TABLESPACE "TS_ALUMNOS" ;
--------------------------------------------------------
--  DDL for Index PRIMARIA_DOCUMENT
--------------------------------------------------------

  CREATE UNIQUE INDEX "UBD1318"."PRIMARIA_DOCUMENT" ON "UBD1318"."DOCUMENT" ("FILE_NAME", "PATH_NAME") 
  PCTFREE 10 INITRANS 2 MAXTRANS 255 COMPUTE STATISTICS 
  STORAGE(INITIAL 65536 NEXT 1048576 MINEXTENTS 1 MAXEXTENTS 2147483645
  PCTINCREASE 0 FREELISTS 1 FREELIST GROUPS 1
  BUFFER_POOL DEFAULT FLASH_CACHE DEFAULT CELL_FLASH_CACHE DEFAULT)
  TABLESPACE "TS_ALUMNOS" ;
--------------------------------------------------------
--  DDL for Index SYS_C0022736
--------------------------------------------------------

  CREATE UNIQUE INDEX "UBD1318"."SYS_C0022736" ON "UBD1318"."APPLICATION" ("APP_NAME") 
  PCTFREE 10 INITRANS 2 MAXTRANS 255 COMPUTE STATISTICS 
  STORAGE(INITIAL 65536 NEXT 1048576 MINEXTENTS 1 MAXEXTENTS 2147483645
  PCTINCREASE 0 FREELISTS 1 FREELIST GROUPS 1
  BUFFER_POOL DEFAULT FLASH_CACHE DEFAULT CELL_FLASH_CACHE DEFAULT)
  TABLESPACE "TS_ALUMNOS" ;
--------------------------------------------------------
--  DDL for Index TEXT_DOCUMENT_PK
--------------------------------------------------------

  CREATE UNIQUE INDEX "UBD1318"."TEXT_DOCUMENT_PK" ON "UBD1318"."TEXT_DOCUMENT" ("FILE_NAME", "PATH_NAME") 
  PCTFREE 10 INITRANS 2 MAXTRANS 255 COMPUTE STATISTICS 
  STORAGE(INITIAL 65536 NEXT 1048576 MINEXTENTS 1 MAXEXTENTS 2147483645
  PCTINCREASE 0 FREELISTS 1 FREELIST GROUPS 1
  BUFFER_POOL DEFAULT FLASH_CACHE DEFAULT CELL_FLASH_CACHE DEFAULT)
  TABLESPACE "TS_ALUMNOS" ;
--------------------------------------------------------
--  DDL for Index SYS_C0022737
--------------------------------------------------------

  CREATE UNIQUE INDEX "UBD1318"."SYS_C0022737" ON "UBD1318"."COMPATIBLE" ("DOCUMENT_NAME", "APP_NAME") 
  PCTFREE 10 INITRANS 2 MAXTRANS 255 COMPUTE STATISTICS 
  STORAGE(INITIAL 65536 NEXT 1048576 MINEXTENTS 1 MAXEXTENTS 2147483645
  PCTINCREASE 0 FREELISTS 1 FREELIST GROUPS 1
  BUFFER_POOL DEFAULT FLASH_CACHE DEFAULT CELL_FLASH_CACHE DEFAULT)
  TABLESPACE "TS_ALUMNOS" ;
--------------------------------------------------------
--  Constraints for Table APPLICATION
--------------------------------------------------------

  ALTER TABLE "UBD1318"."APPLICATION" ADD CONSTRAINT "APPLICATION_PK" PRIMARY KEY ("APP_NAME")
  USING INDEX PCTFREE 10 INITRANS 2 MAXTRANS 255 COMPUTE STATISTICS 
  STORAGE(INITIAL 65536 NEXT 1048576 MINEXTENTS 1 MAXEXTENTS 2147483645
  PCTINCREASE 0 FREELISTS 1 FREELIST GROUPS 1
  BUFFER_POOL DEFAULT FLASH_CACHE DEFAULT CELL_FLASH_CACHE DEFAULT)
  TABLESPACE "TS_ALUMNOS"  ENABLE;
  ALTER TABLE "UBD1318"."APPLICATION" ADD CONSTRAINT "APPLICATION_UK1" UNIQUE ("WEB_SITE")
  USING INDEX PCTFREE 10 INITRANS 2 MAXTRANS 255 COMPUTE STATISTICS 
  STORAGE(INITIAL 65536 NEXT 1048576 MINEXTENTS 1 MAXEXTENTS 2147483645
  PCTINCREASE 0 FREELISTS 1 FREELIST GROUPS 1
  BUFFER_POOL DEFAULT FLASH_CACHE DEFAULT CELL_FLASH_CACHE DEFAULT)
  TABLESPACE "TS_ALUMNOS"  ENABLE;
  ALTER TABLE "UBD1318"."APPLICATION" MODIFY ("APP_NAME" NOT NULL ENABLE);
--------------------------------------------------------
--  Constraints for Table PAGE
--------------------------------------------------------

  ALTER TABLE "UBD1318"."PAGE" ADD PRIMARY KEY ("FILE_NAME", "PATH_NAME", "PAGE_NUMBER")
  USING INDEX PCTFREE 10 INITRANS 2 MAXTRANS 255 
  STORAGE(INITIAL 65536 NEXT 1048576 MINEXTENTS 1 MAXEXTENTS 2147483645
  PCTINCREASE 0 FREELISTS 1 FREELIST GROUPS 1
  BUFFER_POOL DEFAULT FLASH_CACHE DEFAULT CELL_FLASH_CACHE DEFAULT)
  TABLESPACE "TS_ALUMNOS"  ENABLE;
--------------------------------------------------------
--  Constraints for Table DOCUMENT
--------------------------------------------------------

  ALTER TABLE "UBD1318"."DOCUMENT" ADD CONSTRAINT "DOCUMENT_PK" PRIMARY KEY ("FILE_NAME", "PATH_NAME")
  USING INDEX "UBD1318"."PRIMARIA_DOCUMENT"  ENABLE;
  ALTER TABLE "UBD1318"."DOCUMENT" MODIFY ("CREATED" NOT NULL ENABLE);
  ALTER TABLE "UBD1318"."DOCUMENT" MODIFY ("FILE_NAME" NOT NULL ENABLE);
  ALTER TABLE "UBD1318"."DOCUMENT" MODIFY ("PATH_NAME" NOT NULL ENABLE);
  ALTER TABLE "UBD1318"."DOCUMENT" MODIFY ("APP_NAME" NOT NULL ENABLE);
--------------------------------------------------------
--  Constraints for Table TEXT_DOCUMENT
--------------------------------------------------------

  ALTER TABLE "UBD1318"."TEXT_DOCUMENT" MODIFY ("FILE_NAME" NOT NULL ENABLE);
  ALTER TABLE "UBD1318"."TEXT_DOCUMENT" MODIFY ("PATH_NAME" NOT NULL ENABLE);
  ALTER TABLE "UBD1318"."TEXT_DOCUMENT" ADD CONSTRAINT "TEXT_DOCUMENT_PK" PRIMARY KEY ("FILE_NAME", "PATH_NAME")
  USING INDEX PCTFREE 10 INITRANS 2 MAXTRANS 255 COMPUTE STATISTICS 
  STORAGE(INITIAL 65536 NEXT 1048576 MINEXTENTS 1 MAXEXTENTS 2147483645
  PCTINCREASE 0 FREELISTS 1 FREELIST GROUPS 1
  BUFFER_POOL DEFAULT FLASH_CACHE DEFAULT CELL_FLASH_CACHE DEFAULT)
  TABLESPACE "TS_ALUMNOS"  ENABLE;
--------------------------------------------------------
--  Constraints for Table COMPATIBLE
--------------------------------------------------------

  ALTER TABLE "UBD1318"."COMPATIBLE" ADD CONSTRAINT "COMPATIBLE_PK" PRIMARY KEY ("DOCUMENT_NAME", "PATH_NAME", "APP_NAME")
  USING INDEX PCTFREE 10 INITRANS 2 MAXTRANS 255 COMPUTE STATISTICS 
  STORAGE(INITIAL 65536 NEXT 1048576 MINEXTENTS 1 MAXEXTENTS 2147483645
  PCTINCREASE 0 FREELISTS 1 FREELIST GROUPS 1
  BUFFER_POOL DEFAULT FLASH_CACHE DEFAULT CELL_FLASH_CACHE DEFAULT)
  TABLESPACE "TS_ALUMNOS"  ENABLE;
  ALTER TABLE "UBD1318"."COMPATIBLE" MODIFY ("DOCUMENT_NAME" NOT NULL ENABLE);
  ALTER TABLE "UBD1318"."COMPATIBLE" MODIFY ("PATH_NAME" NOT NULL ENABLE);
  ALTER TABLE "UBD1318"."COMPATIBLE" MODIFY ("APP_NAME" NOT NULL ENABLE);
