-- PLEASE, DON'T READ THIS SQL CODE
-- Version 22/10/2023
--
--
--
--
--
--
--
--
--
--

--
--
--
--
--
--
--
--
--
--
--
--
--
--
--
--
--
--
--
--
--
--
--
--
--




CREATE TABLE PLANET(
ID NUMBER(5),
NAME VARCHAR2(30) NOT NULL,
DIAMETER NUMBER(9),
GALAXY VARCHAR2(30),
PRIMARY KEY (ID));


-----
INSERT INTO PLANET VALUES (22222,'Sigfrido',30000,'Lexus');
INSERT INTO PLANET VALUES (33333,'Nova Terra',4000,'Orion');
INSERT INTO PLANET VALUES (44444,'Esperides',30000,'Orion');
INSERT INTO PLANET VALUES (55555,'Sigfrido',22000,'Aspen');
INSERT INTO PLANET VALUES (66666,'Andromeda',55000,'Orion');
INSERT INTO PLANET VALUES (77777,'XP2002',8000,'Orion');
INSERT INTO PLANET VALUES (88888,'Socrates',67000,'Lexus');


----

CREATE TABLE SPECIE (
ID NUMBER(5),
AVERAGE_HEIGHT NUMBER(4,2),
AVERAGE_WEIGHT NUMBER(6,2),
TYPE NUMBER(1),
PRIMARY KEY(ID),
LIVES_IN REFERENCES PLANET
);

CREATE TABLE INTELLIGENT(
LANGUAGE VARCHAR2(20),
WRITING VARCHAR2(20),
PAINTING VARCHAR2(2),
SOCIALIZING VARCHAR2(2),
SPECIE NUMBER(5),
PRIMARY KEY(LANGUAGE),
COMES_FROM REFERENCES PLANET,
CONTROL REFERENCES SPECIE
);

-------

INSERT INTO SPECIE VALUES (10001,2.3,120.4,null,22222);
INSERT INTO SPECIE VALUES (20002,1.3,120.4,null,22222);
INSERT INTO SPECIE VALUES (30003,1.3,60.4,null,22222);
INSERT INTO SPECIE VALUES (40004,2.3,120.4,null,33333);
INSERT INTO SPECIE VALUES (50005,0.3,10.4,null,44444);
INSERT INTO SPECIE VALUES (60006,4.3,160.4,null,77777);
INSERT INTO SPECIE VALUES (70007,2.9,90.48,null,88888);
INSERT INTO SPECIE VALUES (80008,2.6,100.4,null,44444);
INSERT INTO SPECIE VALUES (90009,2.5,70.4,null,77777);

INSERT INTO INTELLIGENT VALUES ('Gramatino','Depurate','y','n',10001,22222,20002);
INSERT INTO INTELLIGENT VALUES ('Levuorin','Begining','y','n',20002,33333,30003);
INSERT INTO INTELLIGENT VALUES ('Saporo','Unknown','n','n',30003,44444,40004);
INSERT INTO INTELLIGENT VALUES ('Arabino','Depurate','y','n',40004,55555,50005);
INSERT INTO INTELLIGENT VALUES ('Aghaga','Depurate','y','y',50005,66666,60006);
INSERT INTO INTELLIGENT VALUES ('Espatul','Unknown','y','n',60006,77777,70007);
INSERT INTO INTELLIGENT VALUES ('Forensic',null,'y','y',70007,88888,10001);



COMMIT;


--
--
--
--
--
--
--
--
--
--
--
--
--

--
--
--
--
--
--
--
--
--
--
--
--
--
--
--
--
--
--
--
--
--
--
--
--
--
-- PLEASE, DON'T READ THIS SQL CODE